-- MySQL dump 10.13  Distrib 5.1.69, for redhat-linux-gnu (x86_64)
--
-- Host: localhost    Database: askmore
-- ------------------------------------------------------
-- Server version	5.1.69

/*!40101 SET @OLD_CHARACTER_SET_CLIENT=@@CHARACTER_SET_CLIENT */;
/*!40101 SET @OLD_CHARACTER_SET_RESULTS=@@CHARACTER_SET_RESULTS */;
/*!40101 SET @OLD_COLLATION_CONNECTION=@@COLLATION_CONNECTION */;
/*!40101 SET NAMES utf8 */;
/*!40103 SET @OLD_TIME_ZONE=@@TIME_ZONE */;
/*!40103 SET TIME_ZONE='+00:00' */;
/*!40014 SET @OLD_UNIQUE_CHECKS=@@UNIQUE_CHECKS, UNIQUE_CHECKS=0 */;
/*!40014 SET @OLD_FOREIGN_KEY_CHECKS=@@FOREIGN_KEY_CHECKS, FOREIGN_KEY_CHECKS=0 */;
/*!40101 SET @OLD_SQL_MODE=@@SQL_MODE, SQL_MODE='NO_AUTO_VALUE_ON_ZERO' */;
/*!40111 SET @OLD_SQL_NOTES=@@SQL_NOTES, SQL_NOTES=0 */;

--
-- Table structure for table `ci_session`
--

DROP TABLE IF EXISTS `ci_session`;
/*!40101 SET @saved_cs_client     = @@character_set_client */;
/*!40101 SET character_set_client = utf8 */;
CREATE TABLE `ci_session` (
  `session_id` varchar(40) NOT NULL DEFAULT '0',
  `ip_address` varchar(45) NOT NULL DEFAULT '0',
  `user_agent` varchar(120) NOT NULL,
  `last_activity` int(10) unsigned NOT NULL DEFAULT '0',
  `user_data` text NOT NULL,
  PRIMARY KEY (`session_id`),
  KEY `last_activity_idx` (`last_activity`)
) ENGINE=InnoDB DEFAULT CHARSET=latin1;
/*!40101 SET character_set_client = @saved_cs_client */;

--
-- Dumping data for table `ci_session`
--

LOCK TABLES `ci_session` WRITE;
/*!40000 ALTER TABLE `ci_session` DISABLE KEYS */;
/*!40000 ALTER TABLE `ci_session` ENABLE KEYS */;
UNLOCK TABLES;

--
-- Table structure for table `ci_sessions`
--

DROP TABLE IF EXISTS `ci_sessions`;
/*!40101 SET @saved_cs_client     = @@character_set_client */;
/*!40101 SET character_set_client = utf8 */;
CREATE TABLE `ci_sessions` (
  `session_id` varchar(40) NOT NULL DEFAULT '0',
  `ip_address` varchar(45) NOT NULL DEFAULT '0',
  `user_agent` varchar(120) NOT NULL,
  `last_activity` int(10) unsigned NOT NULL DEFAULT '0',
  `user_data` text NOT NULL,
  PRIMARY KEY (`session_id`),
  KEY `last_activity_idx` (`last_activity`)
) ENGINE=InnoDB DEFAULT CHARSET=latin1;
/*!40101 SET character_set_client = @saved_cs_client */;

--
-- Dumping data for table `ci_sessions`
--

LOCK TABLES `ci_sessions` WRITE;
/*!40000 ALTER TABLE `ci_sessions` DISABLE KEYS */;
/*!40000 ALTER TABLE `ci_sessions` ENABLE KEYS */;
UNLOCK TABLES;

--
-- Table structure for table `events`
--

DROP TABLE IF EXISTS `events`;
/*!40101 SET @saved_cs_client     = @@character_set_client */;
/*!40101 SET character_set_client = utf8 */;
CREATE TABLE `events` (
  `eventid` bigint(20) NOT NULL AUTO_INCREMENT,
  `moderatorid` bigint(20) NOT NULL,
  `name` varchar(100) NOT NULL,
  `location` varchar(500) NOT NULL,
  `description` varchar(2000) NOT NULL,
  `hashtag` varchar(80) NOT NULL,
  `activefromdate` datetime NOT NULL,
  `startdate` datetime NOT NULL,
  `enddate` datetime NOT NULL,
  `slug` varchar(20) NOT NULL,
  `phone` varchar(20) NOT NULL,
  PRIMARY KEY (`eventid`),
  UNIQUE KEY `slug` (`slug`),
  UNIQUE KEY `phone` (`phone`),
  KEY `id` (`eventid`),
  KEY `moderatorid` (`moderatorid`)
) ENGINE=InnoDB AUTO_INCREMENT=11 DEFAULT CHARSET=latin1;
/*!40101 SET character_set_client = @saved_cs_client */;

--
-- Dumping data for table `events`
--

LOCK TABLES `events` WRITE;
/*!40000 ALTER TABLE `events` DISABLE KEYS */;
INSERT INTO `events` VALUES (7,2,'Startup Weekend Boston','Boston, MA','Only the best startup event ever!','swboston','2013-07-01 00:00:00','2013-07-31 00:00:00','2013-08-28 00:00:00','f195','(617) 934-2290'),(8,2,'AskMore Launch Party','Boston, MA','Launched at Startup Weekend Boston 2013','askmore','2013-07-01 00:00:00','2013-07-31 00:00:00','2013-08-28 00:00:00','bbe0','(617) 446-3082'),(10,12,'new test','boston','nte','newtest','0000-00-00 00:00:00','0000-00-00 00:00:00','0000-00-00 00:00:00','3250','(617) 431-5783');
/*!40000 ALTER TABLE `events` ENABLE KEYS */;
UNLOCK TABLES;

--
-- Table structure for table `questions`
--

DROP TABLE IF EXISTS `questions`;
/*!40101 SET @saved_cs_client     = @@character_set_client */;
/*!40101 SET character_set_client = utf8 */;
CREATE TABLE `questions` (
  `questionid` bigint(20) NOT NULL AUTO_INCREMENT,
  `eventid` bigint(20) NOT NULL,
  `text` varchar(500) NOT NULL,
  `status` enum('active','inactive','spam','answered') NOT NULL DEFAULT 'active',
  `createdat` datetime NOT NULL,
  `author` varchar(50) NOT NULL DEFAULT 'anonymous',
  `source` enum('sms','voice','twitter','web','mobile') DEFAULT 'web',
  `score` bigint(20) DEFAULT '0',
  `lastupdatedat` datetime DEFAULT NULL,
  PRIMARY KEY (`questionid`),
  KEY `id` (`questionid`),
  KEY `eventid` (`eventid`)
) ENGINE=InnoDB AUTO_INCREMENT=211 DEFAULT CHARSET=latin1;
/*!40101 SET character_set_client = @saved_cs_client */;

--
-- Dumping data for table `questions`
--

LOCK TABLES `questions` WRITE;
/*!40000 ALTER TABLE `questions` DISABLE KEYS */;
INSERT INTO `questions` VALUES (52,8,'#askmorelaunch #askmore does this work?','active','2013-07-28 14:27:22','AskMore','twitter',-1,NULL),(53,8,'@VenueScope  it only works if you ask the questions! #askmore #askmorelaunch','active','2013-07-28 14:42:01','AskMore','twitter',0,NULL),(54,8,'RT @just1nlynch: Working demo! To be apart of live product launch, ask a question and include #askmore #askmorelaunch','active','2013-07-28 14:41:25','AskMore','twitter',0,NULL),(55,8,'Working demo! To be apart of live product launch, ask a question and include #askmore #askmorelaunch','active','2013-07-28 14:40:58','Justin Lynch','twitter',0,NULL),(56,8,'RT @just1nlynch: Working demo! To be apart of live product launch, ask a question and include #askmore #askmorelaunch','active','2013-07-28 14:56:01','VenueScope','twitter',0,NULL),(62,8,'tweet #askmore and #askmorelaunch during our launch to be involved in our presentation','active','2013-07-28 17:30:56','AskMore','twitter',0,NULL),(63,7,'Do you have potential clients?','active','2013-07-28 18:22:46','Gary Arora','web',16,'2013-07-29 16:33:59'),(65,7,'Check out askmo.re, fully optimized. Use hashtag #askmore and hashtag #askmorelaunch to be involved in our live demo. #swboston @SWBoston','active','2013-07-28 18:27:14','Justin Lynch','twitter',2,'2013-07-29 22:16:32'),(66,8,'Check out askmo.re, fully optimized. Use hashtag #askmore and hashtag #askmorelaunch to be involved in our live demo. #swboston @SWBoston','active','2013-07-28 18:27:14','Justin Lynch','twitter',0,NULL),(67,7,'Does this really work?','active','2013-07-28 18:47:01','anonymous','sms',2,'2013-07-28 22:42:39'),(68,7,'Will ask more win swboston?','active','2013-07-28 18:57:17','anonymous','mobile',15,'2013-07-29 09:39:24'),(69,7,'Tweet w/ #askmore #askmorelaunch @SWBoston #swboston','active','2013-07-28 19:10:07','Justin Lynch','twitter',-4,'2013-07-28 19:16:13'),(70,8,'Tweet w/ #askmore #askmorelaunch @SWBoston #swboston','active','2013-07-28 19:10:07','Justin Lynch','twitter',0,NULL),(71,7,'I love this. How much money do you need to launch a public beta?','active','2013-07-28 19:14:19','Jarrett Goetz','web',88,'2013-07-30 15:08:22'),(72,8,'#askmorelaunch hi mom!','active','2013-07-28 19:13:37','Blake Anneberg','twitter',0,NULL),(73,7,'Can you ask if you are not at the event?','active','2013-07-28 19:14:36','Jeremy','web',56,'2013-07-30 12:24:42'),(74,7,'customer acquistion?','active','2013-07-28 19:14:38','anonymous','web',-1,'2013-07-28 20:05:57'),(75,7,'How is this different from other audience polling apps?','active','2013-07-28 19:14:39','anonymous','sms',2,'2013-07-28 20:03:51'),(76,7,'Do you like the presentation?','active','2013-07-28 19:14:39','Justin','mobile',1,'2013-07-28 20:06:00'),(77,7,'How will you get ppl to start using?','active','2013-07-28 19:14:46','anonymous','mobile',2,'2013-07-28 19:17:03'),(78,7,'I like turtles. ','active','2013-07-28 19:14:49','Zombie Kid','mobile',0,'2013-07-28 20:06:03'),(79,7,'Why are all of these groups so NICE!','active','2013-07-28 19:14:59','anonymous','sms',0,NULL),(80,7,'Why did you choose not to make a mobile app?','active','2013-07-28 19:15:03','Nick ','web',0,'2013-07-28 20:05:38'),(81,7,'how are you going to get customers for this? ','active','2013-07-28 19:15:19','bobbie','web',5,'2013-07-29 08:36:11'),(82,7,'StartupHack LOVES you Guys!','active','2013-07-28 19:16:07','Marco','web',18,'2013-07-30 12:24:41'),(83,7,'Is it free ?','active','2013-07-28 19:16:12','anonymous','mobile',2,'2013-07-29 02:07:38'),(84,7,'what happens if i call that phone number in the top right?','active','2013-07-28 19:16:19','KenMazaika','web',6,'2013-07-29 22:16:22'),(85,7,'Where did it go?','active','2013-07-28 19:16:34','anonymous','mobile',1,'2013-07-28 20:05:30'),(86,8,'How do you make money ?#askmorelaunch','active','2013-07-28 19:15:51','Andrew CP Kelley','twitter',0,NULL),(87,7,'pizza sucks','active','2013-07-28 19:17:03','anonymous','mobile',2,'2013-07-29 15:58:12'),(88,7,'what is askmore.com','active','2013-07-28 19:17:44','bobbie','web',0,NULL),(89,8,'Are you sure this works? #askmore #askmorelaunch','active','2013-07-28 19:17:23','Chris Mack','twitter',0,NULL),(90,7,'Should place in top 3. Super useful. RT @TaraHusband: #SWBoston Pitch 7.  AskMore You can move your tweets up and down?','active','2013-07-28 19:18:22','Jarrett Goetz','twitter',2,'2013-07-28 22:24:26'),(91,7,'Super useful ! Will definitely use . Online learning too ? Great combination with coursera ? AskMore #SWBoston @JarrettGoetz @TaraHusband','active','2013-07-28 19:21:49','Mohamed M Khalifa','twitter',0,NULL),(92,7,'RT @JarrettGoetz: Should place in top 3. Super useful. RT @TaraHusband: #SWBoston Pitch 7.  AskMore You can move your tweets up and down?','active','2013-07-28 19:22:56','Andrei Oprisan','twitter',1,'2013-07-29 15:58:28'),(93,7,'RT @mmkhalifaa: Super useful ! Will definitely use . Online learning too ? Great combination with coursera ? AskMore #SWBoston @JarrettGoet…','active','2013-07-28 19:22:52','Andrei Oprisan','twitter',0,NULL),(94,7,'RT @JarrettGoetz: Should place in top 3. Super useful. RT @TaraHusband: #SWBoston Pitch 7.  AskMore You can move your tweets up and down?','active','2013-07-28 19:24:18','Justin Lynch','twitter',0,NULL),(95,7,'RT @mmkhalifaa: Super useful ! Will definitely use . Online learning too ? Great combination with coursera ? AskMore #SWBoston @JarrettGoet…','active','2013-07-28 19:29:37','Justin Lynch','twitter',0,NULL),(96,7,'What\'s for dinner?','active','2013-07-28 19:50:35','Steve','mobile',-1,'2013-07-28 20:05:41'),(97,7,'Can I fucking curse?','active','2013-07-28 20:01:54','Shawn','mobile',-31,'2013-07-30 11:47:58'),(98,7,'RT @kfriedson: Best pitch: #askmore Funniest pitch/most relatable painpoint: #fantasticsyntapse Take my money: #hearye @StartupWeekend #swb…','active','2013-07-28 20:05:22','Justin Lynch','twitter',0,NULL),(99,7,'Best pitch: #askmore Funniest pitch/most relatable painpoint: #fantasticsyntapse Take my money: #hearye @StartupWeekend #swboston','active','2013-07-28 20:04:07','Katelyn Friedson','twitter',0,NULL),(100,7,'RT @kfriedson: Best pitch: #askmore Funniest pitch/most relatable painpoint: #fantasticsyntapse Take my money: #hearye @StartupWeekend #swb…','active','2013-07-28 20:17:27','Sergio Ferreira','twitter',0,NULL),(101,7,'RT @mmkhalifaa: My top 3 : 1) #askmore 2) #HearYe 3) @VenueScope  . #SWBoston','active','2013-07-28 20:16:00','Justin Lynch','twitter',0,NULL),(102,7,'Made our day! RT @mmkhalifaa: My top 3 : 1) #askmore 2) #HearYe 3) @VenueScope  . #SWBoston','active','2013-07-28 20:15:51','VenueScope','twitter',0,NULL),(103,7,'RT @mmkhalifaa: My top 3 : 1) #askmore 2) #HearYe 3) @VenueScope  . #SWBoston','active','2013-07-28 20:15:34','Andrei Oprisan','twitter',0,NULL),(104,7,'RT @mmkhalifaa: My top 3 : 1) #askmore 2) #HearYe 3) @VenueScope  . #SWBoston','active','2013-07-28 20:14:38','Jarrett Goetz','twitter',0,NULL),(105,7,'My top 3 : 1) #askmore 2) #HearYe 3) @VenueScope  . #SWBoston','active','2013-07-28 20:14:19','Mohamed M Khalifa','twitter',0,NULL),(106,7,'Take my money !','active','2013-07-28 20:24:28','@mmkhalifaa','web',4,'2013-07-29 22:16:29'),(107,7,'RT @kfriedson: Best pitch: #askmore Funniest pitch/most relatable painpoint: #fantasticsyntapse Take my money: #hearye @StartupWeekend #swb…','active','2013-07-28 20:18:49','Andrei Oprisan','twitter',0,NULL),(108,7,'RT @JarrettGoetz: Should place in top 3. Super useful. RT @TaraHusband: #SWBoston Pitch 7.  AskMore You can move your tweets up and down?','active','2013-07-28 21:19:50','Terry Xu','twitter',0,NULL),(109,7,'@AskMoreNow Congrats on your 3rd place finish! Well deserved. #SWBoston judges suggested we should touch base. Any interest? - @megglevene','active','2013-07-29 00:51:32','VenueScope','twitter',0,NULL),(110,7,'RT @VenueScope: @AskMoreNow Congrats on your 3rd place finish! Well deserved. #SWBoston judges suggested we should touch base. Any interest…','active','2013-07-29 01:06:55','Jarrett Goetz','twitter',0,NULL),(112,7,'What is life and why?','active','2013-07-29 11:04:05','Travis','web',-1,'2013-07-29 11:07:19'),(115,8,'RT @famousfam_ent: @DC_Apeace RT We\'re open entertainment for all DC and SC,Open audition,and Dance Class (Nonono&amp;FemalePresident) askmore?…','active','2013-07-30 03:06:01','A Peace ?','twitter',0,NULL),(116,8,'RT @famousfam_ent: @abc_Kris RT We\'re open entertainment for all DC and SC,Open audition,and Dance Class (Nonono&amp;FemalePresident) askmore? …','active','2013-07-29 08:43:35','WU YI FAN','twitter',0,NULL),(117,8,'RT @famousfam_ent: @AODCers RT We\'re open entertainment for all DC and SC,Open audition,and Dance Class (Nonono&amp;FemalePresident) askmore? C…','active','2013-07-29 06:46:23','prev_AODC','twitter',0,NULL),(118,8,'RT @famousfam_ent: @KPOP_ID  RT We\'re open entertainment for all DC and SC,Open audition,and Dance Class (Nonono&amp;FemalePresident) askmore? …','active','2013-07-29 05:29:16','KPOP WORLD','twitter',0,NULL),(119,8,'My questions arnt loading soo I didnt get any that you guys asked. #askmore','active','2013-07-29 03:36:55','°Haley° ','twitter',0,NULL),(120,8,'@RaraWimaya @.famousfam_ent [RT] open entertainment for all DC&amp;SC,Open Audition&amp;Dance Class (Nonono&amp;FemalePresident) askmore? CP? Bio:)','active','2013-07-29 03:27:56','S?r?h MJ? ','twitter',0,NULL),(121,8,'@Tianandutt @.famousfam_ent [RT] open entertainment for all DC&amp;SC,Open Audition&amp;Dance Class (Nonono&amp;FemalePresident) askmore? CP? Bio:)','active','2013-07-29 03:25:57','S?r?h MJ? ','twitter',0,NULL),(122,8,'@syifafasifa @.famousfam_ent [RT] open entertainment for all DC&amp;SC,Open Audition&amp;Dance Class (Nonono&amp;FemalePresident) askmore? CP? Bio:)','active','2013-07-29 03:23:31','S?r?h MJ? ','twitter',0,NULL),(123,8,'@JDinggrid @.famousfam_ent [RT] open entertainment for all DC&amp;SC,Open Audition&amp;Dance Class (Nonono&amp;FemalePresident) askmore? CP? Bio:)','active','2013-07-29 03:21:37','S?r?h MJ? ','twitter',0,NULL),(124,8,'@soelshapir_blue @.famousfam_ent [RT] open entertainment for all DC&amp;SC,Open Audition&amp;Dance Class (Nonono&amp;FemalePresident) askmore? CP? Bio:)','active','2013-07-29 03:19:04','S?r?h MJ? ','twitter',0,NULL),(125,8,'@Theresiadialis @.famousfam_ent [RT] open entertainment for all DC&amp;SC,Open Audition&amp;Dance Class (Nonono&amp;FemalePresident) askmore? CP? Bio:)','active','2013-07-29 03:16:47','S?r?h MJ? ','twitter',0,NULL),(126,8,'@DewiiAgst @.famousfam_ent [RT] open entertainment for all DC&amp;SC,Open Audition&amp;Dance Class (Nonono&amp;FemalePresident) askmore? CP? Bio:)','active','2013-07-29 03:14:14','S?r?h MJ? ','twitter',0,NULL),(127,8,'@diyasw @.famousfam_ent [RT] open entertainment for all DC&amp;SC,Open Audition&amp;Dance Class (Nonono&amp;FemalePresident) askmore? CP? Bio:)','active','2013-07-29 03:11:17','S?r?h MJ? ','twitter',0,NULL),(128,8,'I love when you ask me to read to you #askmore','active','2013-07-29 02:31:55','Liz Frame','twitter',0,NULL),(129,8,'@febryAbility @.famousfam_ent -RT- open entertainment for all DC&amp;SC,Open Audition&amp;Dance Class (Nonono&amp;FemalePresident) askmore? CP? Bio:)','active','2013-07-29 02:12:41','S?r?h MJ? ','twitter',0,NULL),(130,8,'@taraaffauz @.famousfam_ent open entertainment for all DC&amp;SC,Open Audition&amp;Dance Class (Nonono&amp;FemalePresident) askmore? CP? Bio:)','active','2013-07-29 02:09:02','S?r?h MJ? ','twitter',0,NULL),(131,8,'@rayqaa RT @.famousfam_ent open entertainment for all DC&amp;SC,Open Audition&amp;Dance Class (Nonono&amp;FemalePresident) askmore? CP? Bio:)','active','2013-07-29 02:06:41','S?r?h MJ? ','twitter',0,NULL),(132,8,'@Alfikyuhyun1 @.famousfam_ent open entertainment for all DC&amp;SC,Open Audition&amp;Dance Class (Nonono&amp;FemalePresident) askmore? CP? Bio:)','active','2013-07-29 02:03:03','S?r?h MJ? ','twitter',0,NULL),(133,8,'RT @famousfam_ent: @sarahilzy  RT We\'re open entertainment for all DC and SC,Open audition,and Dance Class (Nonono&amp;FemalePresident) askmore…','active','2013-07-29 01:57:04','S?r?h MJ? ','twitter',0,NULL),(134,8,'RT @famousfam_ent: @DAI5Yina RT We\'re open entertainment for all DC and SC,Open audition,and Dance Class (Nonono&amp;FemalePresident) askmore? …','active','2013-07-29 01:18:15','DAI5Y Indonesia?','twitter',0,NULL),(135,8,'@AOAIndonesia RT We\'re open entertainment for all DC and SC,Open audition,and Dance Class (Nonono&amp;FemalePresident) askmore? CP ? bio:-)','active','2013-07-29 00:09:27','Famous Family Ent','twitter',0,NULL),(136,8,'@KpopersFanClub RT We\'re open entertainment for all DC and SC,Open audition,and Dance Class (Nonono&amp;FemalePresident) askmore? CP ? bio:-)','active','2013-07-29 00:05:35','Famous Family Ent','twitter',0,NULL),(137,8,'@Chansung_ID RT We\'re open entertainment for all DC and SC,Open audition,and Dance Class (Nonono&amp;FemalePresident) askmore? CP ? bio:-)','active','2013-07-29 00:05:05','Famous Family Ent','twitter',0,NULL),(138,8,'@kpopnesia  RT We\'re open entertainment for all DC and SC,Open audition,and Dance Class (Nonono&amp;FemalePresident) askmore? CP ? bio:-)','active','2013-07-29 00:04:46','Famous Family Ent','twitter',0,NULL),(139,8,'@Kpopers_Kingdom RT We\'re open entertainment for all DC and SC,Open audition,and Dance Class (Nonono&amp;FemalePresident) askmore? CP ? bio:-)','active','2013-07-29 00:01:24','Famous Family Ent','twitter',0,NULL),(140,8,'@TimelineKPOP RT We\'re open entertainment for all DC and SC,Open audition,and Dance Class (Nonono&amp;FemalePresident) askmore? CP ? bio:-)','active','2013-07-29 00:00:54','Famous Family Ent','twitter',0,NULL),(141,8,'@soal_KPOP  RT We\'re open entertainment for all DC and SC,Open audition,and Dance Class (Nonono&amp;FemalePresident) askmore? CP ? bio:-)','active','2013-07-28 23:59:32','Famous Family Ent','twitter',0,NULL),(142,8,'@4NIA_INA RT We\'re open entertainment for all DC and SC,Open audition,and Dance Class (Nonono&amp;FemalePresident) askmore? CP ? bio:-)','active','2013-07-28 23:58:57','Famous Family Ent','twitter',0,NULL),(143,8,'@abc_kpop  RT We\'re open entertainment for all DC and SC,Open audition,and Dance Class (Nonono&amp;FemalePresident) askmore? CP ? bio:-)','active','2013-07-28 23:57:59','Famous Family Ent','twitter',0,NULL),(144,8,'@KPOP_ID  RT We\'re open entertainment for all DC and SC,Open audition,and Dance Class (Nonono&amp;FemalePresident) askmore? CP ? bio:-)','active','2013-07-28 23:55:08','Famous Family Ent','twitter',0,NULL),(145,8,'@KPopers_Worlddd  RT We\'re open entertainment for all DC and SC,Open audition,and Dance Class (Nonono&amp;FemalePresident) askmore? CP ? bio:-)','active','2013-07-28 23:53:57','Famous Family Ent','twitter',0,NULL),(146,8,'@Kpopers_KepoINA RT We\'re open entertainment for all DC and SC,Open audition,and Dance Class (Nonono&amp;FemalePresident) askmore? CP ? bio:-)','active','2013-07-28 23:53:13','Famous Family Ent','twitter',0,NULL),(147,8,'@Kpopers_ngakak  RT We\'re open entertainment for all DC and SC,Open audition,and Dance Class (Nonono&amp;FemalePresident) askmore? CP ? bio:-)','active','2013-07-28 23:52:45','Famous Family Ent','twitter',0,NULL),(148,8,'@smtownRUSUH  RT We\'re open entertainment for all DC and SC,Open audition,and Dance Class (Nonono&amp;FemalePresident) askmore? CP ? bio:-)','active','2013-07-28 23:50:24','Famous Family Ent','twitter',0,NULL),(149,8,'@DUNIA_KPOPERS  RT We\'re open entertainment for all DC and SC,Open audition,and Dance Class (Nonono&amp;FemalePresident) askmore? CP ? bio:-)','active','2013-07-28 23:49:54','Famous Family Ent','twitter',0,NULL),(150,8,'@Jakarta_RP  RT We\'re open entertainment for all DC and SC,Open audition,and Dance Class (Nonono&amp;FemalePresident) askmore? CP ? bio:-)','active','2013-07-28 23:49:36','Famous Family Ent','twitter',0,NULL),(151,8,'@INDO_Kpop RT We\'re open entertainment for all DC and SC,Open audition,and Dance Class (Nonono&amp;FemalePresident) askmore? CP ? bio:-)','active','2013-07-28 23:47:31','Famous Family Ent','twitter',0,NULL),(152,8,'@dreamBS_ratno RT We\'re open entertainment for all DC and SC,Open audition,and Dance Class (Nonono&amp;FemalePresident) askmore? CP ? bio:-)','active','2013-07-28 23:47:07','Famous Family Ent','twitter',0,NULL),(153,8,'@KpopersINDRoom  RT We\'re open entertainment for all DC and SC,Open audition,and Dance Class (Nonono&amp;FemalePresident) askmore? CP ? bio:-)','active','2013-07-28 23:46:31','Famous Family Ent','twitter',0,NULL),(154,8,'@SOMVLAK_FAMS  RT We\'re open entertainment for all DC and SC,Open audition,and Dance Class (Nonono&amp;FemalePresident) askmore? CP ? bio:-)','active','2013-07-28 23:46:06','Famous Family Ent','twitter',0,NULL),(155,8,'@RadioForRP  RT We\'re open entertainment for all DC and SC,Open audition,and Dance Class (Nonono&amp;FemalePresident) askmore? CP ? bio:-)','active','2013-07-28 23:45:32','Famous Family Ent','twitter',0,NULL),(156,8,'@RP__ShinYeong  RT We\'re open entertainment for all DC and SC,Open audition,and Dance Class (Nonono&amp;FemalePresident) askmore? CP ? bio:-)','active','2013-07-28 23:45:15','Famous Family Ent','twitter',0,NULL),(157,8,'@6thayoung  RT We\'re open entertainment for all DC and SC,Open audition,and Dance Class (Nonono&amp;FemalePresident) askmore? CP ? bio:-)','active','2013-07-28 23:43:02','Famous Family Ent','twitter',0,NULL),(158,8,'@_galaxyrpent RT We\'re open entertainment for all DC and SC,Open audition,and Dance Class (Nonono&amp;FemalePresident) askmore? CP ? bio:-)','active','2013-07-28 23:42:37','Famous Family Ent','twitter',0,NULL),(159,8,'@Queen_YuriGG RT We\'re open entertainment for all DC and SC,Open audition,and Dance Class (Nonono&amp;FemalePresident) askmore? CP ? bio:-)','active','2013-07-28 23:42:21','Famous Family Ent','twitter',0,NULL),(160,8,'@abc_Kris RT We\'re open entertainment for all DC and SC,Open audition,and Dance Class (Nonono&amp;FemalePresident) askmore? CP ? bio:-)','active','2013-07-28 23:41:57','Famous Family Ent','twitter',0,NULL),(161,8,'@juliamarellu RT We\'re open entertainment for all DC and SC,Open audition,and Dance Class (Nonono&amp;FemalePresident) askmore? CP ? bio:-)','active','2013-07-28 23:35:47','Famous Family Ent','twitter',0,NULL),(162,8,'@APinkPandas_INA RT We\'re open entertainment for all DC and SC,Open audition,and Dance Class (Nonono&amp;FemalePresident) askmore? CP ? bio:-)','active','2013-07-28 23:31:58','Famous Family Ent','twitter',0,NULL),(163,8,'@ADT977  RT We\'re open entertainment for all DC and SC,Open audition,and Dance Class (Nonono&amp;FemalePresident) askmore? CP ? bio:-)','active','2013-07-28 23:31:03','Famous Family Ent','twitter',0,NULL),(164,8,'@ryhnfza RT We\'re open entertainment for all DC and SC,Open audition,and Dance Class (Nonono&amp;FemalePresident) askmore? CP ? bio:-)','active','2013-07-28 23:30:36','Famous Family Ent','twitter',0,NULL),(165,8,'@agdarayimhrn  RT We\'re open entertainment for all DC and SC,Open audition,and Dance Class (Nonono&amp;FemalePresident) askmore? CP ? bio:-)','active','2013-07-28 23:30:24','Famous Family Ent','twitter',0,NULL),(166,8,'@MoonJoker_  RT We\'re open entertainment for all DC and SC,Open audition,and Dance Class (Nonono&amp;FemalePresident) askmore? CP ? bio:-)','active','2013-07-28 23:30:08','Famous Family Ent','twitter',0,NULL),(167,8,'@yoichimonz  RT We\'re open entertainment for all DC and SC,Open audition,and Dance Class (Nonono&amp;FemalePresident) askmore? CP ? bio:-)','active','2013-07-28 23:29:54','Famous Family Ent','twitter',0,NULL),(168,8,'@HafizFadil_  RT We\'re open entertainment for all DC and SC,Open audition,and Dance Class (Nonono&amp;FemalePresident) askmore? CP ? bio:-)','active','2013-07-28 23:28:53','Famous Family Ent','twitter',0,NULL),(169,8,'@Blayers_OFC RT We\'re open entertainment for all DC and SC,Open audition,and Dance Class (Nonono&amp;FemalePresident) askmore? CP ? bio:-)','active','2013-07-28 23:28:36','Famous Family Ent','twitter',0,NULL),(170,8,'@DmncDea  RT We\'re open entertainment for all DC and SC,Open audition,and Dance Class (Nonono&amp;FemalePresident) askmore? CP ? bio:-)','active','2013-07-28 23:28:04','Famous Family Ent','twitter',0,NULL),(171,8,'@savitasarah  RT We\'re open entertainment for all DC and SC,Open audition,and Dance Class (Nonono&amp;FemalePresident) askmore? CP ? bio:-)','active','2013-07-28 23:27:39','Famous Family Ent','twitter',0,NULL),(172,8,'@DC_Apeace RT We\'re open entertainment for all DC and SC,Open audition,and Dance Class (Nonono&amp;FemalePresident) askmore? CP ? bio:-)','active','2013-07-28 23:26:48','Famous Family Ent','twitter',0,NULL),(173,8,'@kaltha_s RT We\'re open entertainment for all DC and SC,Open audition,and Dance Class (Nonono&amp;FemalePresident) askmore? CP ? bio:-)','active','2013-07-28 23:25:53','Famous Family Ent','twitter',0,NULL),(174,8,'@KpopCode  RT We\'re open entertainment for all DC and SC,Open audition,and Dance Class (Nonono&amp;FemalePresident) askmore? CP ? bio:-)','active','2013-07-28 23:24:51','Famous Family Ent','twitter',0,NULL),(175,8,'@sarahilzy  RT We\'re open entertainment for all DC and SC,Open audition,and Dance Class (Nonono&amp;FemalePresident) askmore? CP ? bio:-)','active','2013-07-28 23:24:33','Famous Family Ent','twitter',0,NULL),(176,8,'@RiviaDian  RT We\'re open entertainment for all DC and SC,Open audition,and Dance Class (Nonono&amp;FemalePresident) askmore? CP ? bio:-)','active','2013-07-28 23:24:16','Famous Family Ent','twitter',0,NULL),(177,8,'@GirlsDayIndo RT We\'re open entertainment for all DC and SC,Open audition,and Dance Class (Nonono&amp;FemalePresident) askmore? CP ? bio:-)','active','2013-07-28 23:23:57','Famous Family Ent','twitter',0,NULL),(178,8,'@DAI5Yina RT We\'re open entertainment for all DC and SC,Open audition,and Dance Class (Nonono&amp;FemalePresident) askmore? CP ? bio:-)','active','2013-07-28 23:23:39','Famous Family Ent','twitter',0,NULL),(179,8,'@kimyura_ID RT We\'re open entertainment for all DC and SC,Open audition,and Dance Class (Nonono&amp;FemalePresident) askmore? CP ? bio:-)','active','2013-07-28 23:23:01','Famous Family Ent','twitter',0,NULL),(180,8,'@KIF_GDminah RT We\'re open entertainment for all DC and SC,Open audition,and Dance Class (Nonono&amp;FemalePresident) askmore? CP ? bio:-)','active','2013-07-28 23:22:47','Famous Family Ent','twitter',0,NULL),(181,8,'@eventkpop  RT We\'re open entertainment for all DC and SC,Open audition,and Dance Class (Nonono&amp;FemalePresident) askmore? CP ? bio:-)','active','2013-07-28 23:22:25','Famous Family Ent','twitter',0,NULL),(182,8,'@rara_r42 RT We\'re open entertainment for all DC and SC,Open audition,and Dance Class (Nonono&amp;FemalePresident) askmore? CP ? bio:-)','active','2013-07-28 23:22:09','Famous Family Ent','twitter',0,NULL),(183,8,'@korean_fever  RT We\'re open entertainment for all DC and SC,Open audition,and Dance Class (Nonono&amp;FemalePresident) askmore? CP ? bio:-)','active','2013-07-28 23:20:42','Famous Family Ent','twitter',0,NULL),(184,8,'@MissXTRAY_  RT We\'re open entertainment for all DC and SC,Open audition,and Dance Class (Nonono&amp;FemalePresident) askmore? CP ? bio:-)','active','2013-07-28 23:20:01','Famous Family Ent','twitter',0,NULL),(185,8,'@Qyoura_DC RT We\'re open entertainment for all DC and SC,Open audition,and Dance Class (Nonono&amp;FemalePresident) askmore? CP ? bio:-)','active','2013-07-28 23:19:23','Famous Family Ent','twitter',0,NULL),(186,8,'@IceOfAngel_  RT We\'re open entertainment for all DC and SC,Open audition,and Dance Class (Nonono&amp;FemalePresident) askmore? CP ? bio:-)','active','2013-07-28 23:18:47','Famous Family Ent','twitter',0,NULL),(187,8,'@CPINKOfficial RT We\'re open entertainment for all DC and SC,Open audition,and Dance Class (Nonono&amp;FemalePresident) askmore? CP ? bio:-)','active','2013-07-28 23:18:18','Famous Family Ent','twitter',0,NULL),(188,8,'@AODCers RT We\'re open entertainment for all DC and SC,Open audition,and Dance Class (Nonono&amp;FemalePresident) askmore? CP ? bio:-)','active','2013-07-28 23:17:51','Famous Family Ent','twitter',0,NULL),(189,8,'@TheCrown_Dc  RT We\'re open entertainment for all DC and SC,Open audition,and Dance Class (Nonono&amp;FemalePresident) askmore? CP ? bio:-)','active','2013-07-28 23:16:29','Famous Family Ent','twitter',0,NULL),(190,8,'@hvenus_crew  RT] We\'re open entertainment for all DC and SC,Open audition,and Dance Class (Nonono&amp;FemalePresident) askmore? CP ? bio:-)','active','2013-07-28 23:15:25','Famous Family Ent','twitter',0,NULL),(191,8,'RT @famousfam_ent: @JavaKpop RT] We\'re open entertainment for all DC and SC,Open audition,and Dance Class (Nonono&amp;FemalePresident) askmore?…','active','2013-07-28 23:14:56','Kpop Jpop Shop','twitter',0,NULL),(192,8,'@winxofficiale  RT] We\'re open entertainment for all DC and SC,Open audition,and Dance Class (Nonono&amp;FemalePresident) askmore? CP ? bio:-)','active','2013-07-28 23:14:24','Famous Family Ent','twitter',0,NULL),(193,8,'@SighA_DC  RT] We\'re open entertainment for all DC and SC,Open audition,and Dance Class (Nonono&amp;FemalePresident) askmore? CP ? bio:-)','active','2013-07-28 23:14:03','Famous Family Ent','twitter',0,NULL),(194,8,'@JavaKpop RT] We\'re open entertainment for all DC and SC,Open audition,and Dance Class (Nonono&amp;FemalePresident) askmore? CP ? bio:-)','active','2013-07-28 23:13:20','Famous Family Ent','twitter',0,NULL),(195,8,'@koreanindo  RT] We\'re open entertainment for all DC and SC,Open audition,and Dance Class (Nonono&amp;FemalePresident) askmore? CP ? bio:-)','active','2013-07-28 23:12:54','Famous Family Ent','twitter',0,NULL),(196,8,'@DUNIA_KPOPERS RT] We\'re open entertainment for all DC and SC,Open audition,and Dance Class (Nonono&amp;FemalePresident) askmore? CP ? bio:-)','active','2013-07-28 23:12:32','Famous Family Ent','twitter',0,NULL),(197,8,'@kpopers_family  RT] We\'re open entertainment for all DC and SC,Open audition,and Dance Class (Nonono&amp;FemalePresident) askmore? CP ? bio:-)','active','2013-07-28 23:12:21','Famous Family Ent','twitter',0,NULL),(198,8,'@KoreanWaveINA RT] We\'re open entertainment for all DC and SC,Open audition,and Dance Class (Nonono&amp;FemalePresident) askmore? CP ? bio:-)','active','2013-07-28 23:12:02','Famous Family Ent','twitter',0,NULL),(199,8,'[RT] We\'re open entertainment for all DC and SC,Open audition,and Dance Class (Nonono&amp;FemalePresident) askmore? CP ? bio:-) @famousfam_ent','active','2013-07-28 23:11:17','R C R P ','twitter',0,NULL),(200,8,'RT @JarrettGoetz: Should place in top 3. Super useful. RT @TaraHusband: #SWBoston Pitch 7.  AskMore You can move your tweets up and down?','active','2013-07-28 21:19:50','Terry Xu','twitter',0,NULL),(201,8,'RT @kfriedson: Best pitch: #askmore Funniest pitch/most relatable painpoint: #fantasticsyntapse Take my money: #hearye @StartupWeekend #swb…','active','2013-07-28 20:18:49','Andrei Oprisan','twitter',0,NULL),(202,8,'RT @kfriedson: Best pitch: #askmore Funniest pitch/most relatable painpoint: #fantasticsyntapse Take my money: #hearye @StartupWeekend #swb…','active','2013-07-28 20:17:27','Sergio Ferreira','twitter',0,NULL),(203,7,'Would love to get some feedback on what we built this weekend at @swboston #askmore We got 3rd place at the event! https://t.co/lpTxJ9WgNt','active','2013-07-30 11:09:21','Andrei Oprisan','twitter',0,NULL),(204,8,'Would love to get some feedback on what we built this weekend at @swboston #askmore We got 3rd place at the event! https://t.co/lpTxJ9WgNt','active','2013-07-30 11:09:21','Andrei Oprisan','twitter',0,NULL),(205,9,'What time is it?','active','2013-07-30 11:12:46','chris','web',0,'2013-07-30 11:12:52'),(207,8,'Does this work again #askmore #askmorelaunch','active','2013-07-30 11:47:44','Justin Lynch','twitter',0,NULL),(208,8,'Les Brumbies sont en finale. Vous pouvez acheter le maillot dans notre boutique à Paris.#askmore #askbrumbies','active','2013-07-30 11:43:01','Ultra Petita','twitter',0,NULL),(209,7,'does this work ','active','2013-07-30 15:08:11','anonymous','web',1,'2013-07-30 15:08:17'),(210,8,'NEW Cisco CISCO3825-SEC/K9 3825 Securty Bundle Router 1YearWrn 2XAvl ASKMORE QTY $4150.00 http://t.co/hEgFjRtz5e #computer #network','active','2013-07-30 18:42:00','Computer Deals','twitter',0,NULL);
/*!40000 ALTER TABLE `questions` ENABLE KEYS */;
UNLOCK TABLES;

--
-- Table structure for table `raw`
--

DROP TABLE IF EXISTS `raw`;
/*!40101 SET @saved_cs_client     = @@character_set_client */;
/*!40101 SET character_set_client = utf8 */;
CREATE TABLE `raw` (
  `id` int(11) unsigned NOT NULL AUTO_INCREMENT,
  `data` blob,
  PRIMARY KEY (`id`)
) ENGINE=MyISAM DEFAULT CHARSET=latin1;
/*!40101 SET character_set_client = @saved_cs_client */;

--
-- Dumping data for table `raw`
--

LOCK TABLES `raw` WRITE;
/*!40000 ALTER TABLE `raw` DISABLE KEYS */;
/*!40000 ALTER TABLE `raw` ENABLE KEYS */;
UNLOCK TABLES;

--
-- Table structure for table `search_terms`
--

DROP TABLE IF EXISTS `search_terms`;
/*!40101 SET @saved_cs_client     = @@character_set_client */;
/*!40101 SET character_set_client = utf8 */;
CREATE TABLE `search_terms` (
  `id` bigint(20) NOT NULL AUTO_INCREMENT,
  `term` text NOT NULL,
  PRIMARY KEY (`id`)
) ENGINE=InnoDB DEFAULT CHARSET=latin1;
/*!40101 SET character_set_client = @saved_cs_client */;

--
-- Dumping data for table `search_terms`
--

LOCK TABLES `search_terms` WRITE;
/*!40000 ALTER TABLE `search_terms` DISABLE KEYS */;
/*!40000 ALTER TABLE `search_terms` ENABLE KEYS */;
UNLOCK TABLES;

--
-- Table structure for table `tweets`
--

DROP TABLE IF EXISTS `tweets`;
/*!40101 SET @saved_cs_client     = @@character_set_client */;
/*!40101 SET character_set_client = utf8 */;
CREATE TABLE `tweets` (
  `id` bigint(20) NOT NULL AUTO_INCREMENT,
  `created_at` datetime NOT NULL,
  `author` varchar(100) NOT NULL,
  `terms` varchar(100) NOT NULL,
  `text` varchar(500) NOT NULL DEFAULT '',
  `hash` varchar(254) NOT NULL,
  `processed` tinyint(1) DEFAULT '0',
  PRIMARY KEY (`id`),
  UNIQUE KEY `hash` (`hash`),
  KEY `text` (`text`)
) ENGINE=InnoDB AUTO_INCREMENT=51304 DEFAULT CHARSET=latin1;
/*!40101 SET character_set_client = @saved_cs_client */;

--
-- Dumping data for table `tweets`
--

LOCK TABLES `tweets` WRITE;
/*!40000 ALTER TABLE `tweets` DISABLE KEYS */;
INSERT INTO `tweets` VALUES (860,'2013-07-28 10:44:37','Andrei Oprisan','twilio','@twilio watch out for #askmore at #swboston, we built it with #twilio','7ae3ea933583502732c4c5d898043e78',1),(960,'2013-07-28 14:07:29','Jarrett Goetz','swboston','HAHAHAH. :) RT @AskMoreNow: thanks for the help @JarrettGoetz, you can interrupt us anytime. #swboston','5043e9c85870c34b611d1b802891ae12',1),(962,'2013-07-28 14:01:27','Justin Lynch','swboston','RT @kfriedson: Another Godin brother building great things at even younger ages. @askmorenow silenced the coaches. They have my vote. #swbo…','f314f8ab3fdefa92345c8dcfefbcfb4a',1),(963,'2013-07-28 14:00:05','AskMore','swboston','RT @kfriedson: Another Godin brother building great things at even younger ages. @askmorenow silenced the coaches. They have my vote. #swbo…','d3f55fcfbdc0f0584bae07f5d1a40bb5',1),(964,'2013-07-28 13:59:52','AskMore','swboston','@dianeew @SWBoston @Workbar feel free to stop by the #askmore team and help us out.','c473fceb70f59e94b6aeaf4e73ecbad5',1),(969,'2013-07-28 13:35:04','StartupWeekendBoston','swboston','RT @kfriedson: Another Godin brother building great things at even younger ages. @askmorenow silenced the coaches. They have my vote. #swbo…','7161026f98ba6fc12277a18d6890721f',1),(970,'2013-07-28 13:34:02','Katelyn Friedson','swboston','Another Godin brother building great things at even younger ages. @askmorenow silenced the coaches. They have my vote. #swboston','900e49f64b729b2488ee92f55f4a150a',1),(1002,'2013-07-28 12:17:22','Pat Lemieux','swboston','RT @AskMoreNow: thanks for the awesome testimonial @PatrickJLemieux, get ready for interactive product launch at 7:30. coldplay not include…','e73b66f1ffb76ed7e44a2aff2dcdb776',1),(1023,'2013-07-28 11:45:21','Justin Lynch','swboston','RT @AskMoreNow: thanks for the awesome testimonial @PatrickJLemieux, get ready for interactive product launch at 7:30. coldplay not include…','14cac4f7bbd886901c84edb948d8ee26',1),(1043,'2013-07-28 10:44:37','Andrei Oprisan','swboston','@twilio watch out for #askmore at #swboston, we built it with #twilio','6f932eb55284f431886d4bdaee17c0e3',1),(1911,'2013-07-28 14:27:22','AskMore','askmorelaunch','#askmorelaunch #askmore does this work?','51444aae27805650393c1c25b104cabf',1),(2185,'2013-07-28 14:42:01','AskMore','askmorelaunch','@VenueScope  it only works if you ask the questions! #askmore #askmorelaunch','16957aae73e2c1cfe81af8e465476501',1),(2186,'2013-07-28 14:41:25','AskMore','askmorelaunch','RT @just1nlynch: Working demo! To be apart of live product launch, ask a question and include #askmore #askmorelaunch','a172c8812fed74dd99e5ee9a95cea854',1),(2187,'2013-07-28 14:40:58','Justin Lynch','askmorelaunch','Working demo! To be apart of live product launch, ask a question and include #askmore #askmorelaunch','cc221e9f3215029d1011f9750bbcfb95',1),(2461,'2013-07-28 14:56:01','VenueScope','askmorelaunch','RT @just1nlynch: Working demo! To be apart of live product launch, ask a question and include #askmore #askmorelaunch','1aae50cb70a18dee6ccce90dac0cd569',1),(5303,'2013-07-28 17:30:56','AskMore','askmorelaunch','tweet #askmore and #askmorelaunch during our launch to be involved in our presentation','8473e77ad1da2aa1b895af76a6464de5',1),(6239,'2013-07-28 18:27:14','Justin Lynch','swboston','Check out askmore.re , fully optimized. Use  hashtag askmore and hashtag askmorelaunch to be involved in our live demo. #swboston @SWBoston','d7b4b9483ee8ca453a491972e27c1c5a',1),(6327,'2013-07-28 18:27:14','Justin Lynch','askmorelaunch','Check out askmore.re , fully optimized. Use  hashtag askmore and hashtag askmorelaunch to be involved in our live demo. #swboston @SWBoston','4f2db7fbb6d77b14528780c679360b3b',1),(6433,'2013-07-28 19:10:07','Justin Lynch','swboston','Tweet w/ #askmore #askmorelaunch @SWBoston #swboston','3de62b29b26c954f96606dba2566c235',1),(6530,'2013-07-28 19:10:07','Justin Lynch','askmorelaunch','Tweet w/ #askmore #askmorelaunch @SWBoston #swboston','aa0c00eb63c3ce4233332e3063650eb9',1),(6733,'2013-07-28 19:13:37','Blake Anneberg','askmorelaunch','#askmorelaunch hi mom!','7c51200c8bbbe22974e0cddc4d34bfa4',1),(7239,'2013-07-28 19:15:51','Andrew CP Kelley','askmorelaunch','How do you make money ?#askmorelaunch','985e511bc64c1e07fb914fdf17501ae5',1),(7543,'2013-07-28 19:17:23','Chris Mack','askmorelaunch','Are you sure this works? #askmore #askmorelaunch','7c107fe753cd1611b5cc884b47778dc1',1),(7649,'2013-07-28 19:18:22','Jarrett Goetz','swboston','Should place in top 3. Super useful. RT @TaraHusband: #SWBoston Pitch 7.  AskMore You can move your tweets up and down?','dcef2dcca51fbc7a7c343e4bf0101c4d',1),(8350,'2013-07-28 19:21:49','Mohamed M Khalifa','swboston','Super useful ! Will definitely use . Online learning too ? Great combination with coursera ? AskMore #SWBoston @JarrettGoetz @TaraHusband','937153537b21da5ecb8b5aed36b370ca',1),(8550,'2013-07-28 19:22:56','Andrei Oprisan','swboston','RT @JarrettGoetz: Should place in top 3. Super useful. RT @TaraHusband: #SWBoston Pitch 7.  AskMore You can move your tweets up and down?','801904b852d7d6dc2b0141f260f24815',1),(8551,'2013-07-28 19:22:52','Andrei Oprisan','swboston','RT @mmkhalifaa: Super useful ! Will definitely use . Online learning too ? Great combination with coursera ? AskMore #SWBoston @JarrettGoet…','9c23f7ce3f8e6670c91325f50392aa9e',1),(8744,'2013-07-28 19:24:18','Justin Lynch','swboston','RT @JarrettGoetz: Should place in top 3. Super useful. RT @TaraHusband: #SWBoston Pitch 7.  AskMore You can move your tweets up and down?','f4ed1b6e717cde9d2fb97753ab372d95',1),(8749,'2013-07-28 19:29:37','Justin Lynch','swboston','RT @mmkhalifaa: Super useful ! Will definitely use . Online learning too ? Great combination with coursera ? AskMore #SWBoston @JarrettGoet…','fef807528dd471460b364acfc4de0c72',1),(9798,'2013-07-28 20:05:22','Justin Lynch','swboston','RT @kfriedson: Best pitch: #askmore Funniest pitch/most relatable painpoint: #fantasticsyntapse Take my money: #hearye @StartupWeekend #swb…','879db9702b592f843630c322d1ce698d',1),(9800,'2013-07-28 20:04:07','Katelyn Friedson','swboston','Best pitch: #askmore Funniest pitch/most relatable painpoint: #fantasticsyntapse Take my money: #hearye @StartupWeekend #swboston','6613580577046eb097f02050aaedf1b1',1),(9988,'2013-07-28 20:17:27','Sergio Ferreira','swboston','RT @kfriedson: Best pitch: #askmore Funniest pitch/most relatable painpoint: #fantasticsyntapse Take my money: #hearye @StartupWeekend #swb…','1ae6fce45f3d48c12d947c75ff166211',1),(9993,'2013-07-28 20:16:00','Justin Lynch','swboston','RT @mmkhalifaa: My top 3 : 1) #askmore 2) #HearYe 3) @VenueScope  . #SWBoston','0367e9a5c8bd87a882536f84a644281f',1),(9994,'2013-07-28 20:15:51','VenueScope','swboston','Made our day! RT @mmkhalifaa: My top 3 : 1) #askmore 2) #HearYe 3) @VenueScope  . #SWBoston','e217ef7ba74cbecbcfcf0114c40da3bd',1),(9996,'2013-07-28 20:15:34','Andrei Oprisan','swboston','RT @mmkhalifaa: My top 3 : 1) #askmore 2) #HearYe 3) @VenueScope  . #SWBoston','1a5a51da9aba08d261ba322e03c03a5d',1),(9997,'2013-07-28 20:14:38','Jarrett Goetz','swboston','RT @mmkhalifaa: My top 3 : 1) #askmore 2) #HearYe 3) @VenueScope  . #SWBoston','cff05b4728e3b105e32a8f4554b8e226',1),(10000,'2013-07-28 20:14:19','Mohamed M Khalifa','swboston','My top 3 : 1) #askmore 2) #HearYe 3) @VenueScope  . #SWBoston','1f26f9875a2bfdd9ab6b21ef36a48337',1),(10090,'2013-07-28 20:18:49','Andrei Oprisan','swboston','RT @kfriedson: Best pitch: #askmore Funniest pitch/most relatable painpoint: #fantasticsyntapse Take my money: #hearye @StartupWeekend #swb…','21638c1772393893ab29325ddead78cd',1),(10966,'2013-07-28 21:19:50','Terry Xu','swboston','RT @JarrettGoetz: Should place in top 3. Super useful. RT @TaraHusband: #SWBoston Pitch 7.  AskMore You can move your tweets up and down?','f5b990edb2e76fff1a3943c0cdbed502',1),(14176,'2013-07-29 00:51:32','VenueScope','swboston','@AskMoreNow Congrats on your 3rd place finish! Well deserved. #SWBoston judges suggested we should touch base. Any interest? - @megglevene','43901b5ac744acc4c312a3f5d0b59855',1),(14453,'2013-07-29 01:06:55','Jarrett Goetz','swboston','RT @VenueScope: @AskMoreNow Congrats on your 3rd place finish! Well deserved. #SWBoston judges suggested we should touch base. Any interest…','b190f1dfa14873bc5a52eb025ef3da79',1),(37296,'2013-07-30 03:06:01','A Peace ?','askmore','RT @famousfam_ent: @DC_Apeace RT We\'re open entertainment for all DC and SC,Open audition,and Dance Class (Nonono&amp;FemalePresident) askmore?…','5659255694a9a5e8048cbd3083946319',1),(37297,'2013-07-29 08:43:35','WU YI FAN','askmore','RT @famousfam_ent: @abc_Kris RT We\'re open entertainment for all DC and SC,Open audition,and Dance Class (Nonono&amp;FemalePresident) askmore? …','70e481dae9547c1466b1740e6dcaeb45',1),(37298,'2013-07-29 06:46:23','prev_AODC','askmore','RT @famousfam_ent: @AODCers RT We\'re open entertainment for all DC and SC,Open audition,and Dance Class (Nonono&amp;FemalePresident) askmore? C…','cda55d3f2a934bd95c2979d0b4efbe22',1),(37300,'2013-07-29 05:29:16','KPOP WORLD','askmore','RT @famousfam_ent: @KPOP_ID  RT We\'re open entertainment for all DC and SC,Open audition,and Dance Class (Nonono&amp;FemalePresident) askmore? …','2f2717cd6d1d2dd9bad72bb486f14d0f',1),(37302,'2013-07-29 03:36:55','°Haley° ','askmore','My questions arnt loading soo I didnt get any that you guys asked. #askmore','200fcd70fc9b5e87cc06d3a8d4c11fb1',1),(37304,'2013-07-29 03:27:56','S?r?h MJ? ','askmore','@RaraWimaya @.famousfam_ent [RT] open entertainment for all DC&amp;SC,Open Audition&amp;Dance Class (Nonono&amp;FemalePresident) askmore? CP? Bio:)','3d91e439c261e43da8634059f43ed438',1),(37306,'2013-07-29 03:25:57','S?r?h MJ? ','askmore','@Tianandutt @.famousfam_ent [RT] open entertainment for all DC&amp;SC,Open Audition&amp;Dance Class (Nonono&amp;FemalePresident) askmore? CP? Bio:)','1fd2a300924b98a1f2ded38482099412',1),(37307,'2013-07-29 03:23:31','S?r?h MJ? ','askmore','@syifafasifa @.famousfam_ent [RT] open entertainment for all DC&amp;SC,Open Audition&amp;Dance Class (Nonono&amp;FemalePresident) askmore? CP? Bio:)','31c085bacfc546f82deb5f4e42bf263a',1),(37308,'2013-07-29 03:21:37','S?r?h MJ? ','askmore','@JDinggrid @.famousfam_ent [RT] open entertainment for all DC&amp;SC,Open Audition&amp;Dance Class (Nonono&amp;FemalePresident) askmore? CP? Bio:)','96bbbf101793dc879039d37aeb3e7e43',1),(37309,'2013-07-29 03:19:04','S?r?h MJ? ','askmore','@soelshapir_blue @.famousfam_ent [RT] open entertainment for all DC&amp;SC,Open Audition&amp;Dance Class (Nonono&amp;FemalePresident) askmore? CP? Bio:)','119c4cf3581670b8bd0a98c4302f8fa1',1),(37310,'2013-07-29 03:16:47','S?r?h MJ? ','askmore','@Theresiadialis @.famousfam_ent [RT] open entertainment for all DC&amp;SC,Open Audition&amp;Dance Class (Nonono&amp;FemalePresident) askmore? CP? Bio:)','76e1d45e476063a5e438d2bdd68841c0',1),(37311,'2013-07-29 03:14:14','S?r?h MJ? ','askmore','@DewiiAgst @.famousfam_ent [RT] open entertainment for all DC&amp;SC,Open Audition&amp;Dance Class (Nonono&amp;FemalePresident) askmore? CP? Bio:)','38b2f0acc6b5eea87602a84a1985a8f3',1),(37312,'2013-07-29 03:11:17','S?r?h MJ? ','askmore','@diyasw @.famousfam_ent [RT] open entertainment for all DC&amp;SC,Open Audition&amp;Dance Class (Nonono&amp;FemalePresident) askmore? CP? Bio:)','ab1c7a90fe57f6efe04c8868234a2875',1),(37313,'2013-07-29 02:31:55','Liz Frame','askmore','I love when you ask me to read to you #askmore','96faeed8109d0d4135db6f7033a2196f',1),(37314,'2013-07-29 02:12:41','S?r?h MJ? ','askmore','@febryAbility @.famousfam_ent -RT- open entertainment for all DC&amp;SC,Open Audition&amp;Dance Class (Nonono&amp;FemalePresident) askmore? CP? Bio:)','eb634c8d2b72288781f831b44b6e5da2',1),(37315,'2013-07-29 02:09:02','S?r?h MJ? ','askmore','@taraaffauz @.famousfam_ent open entertainment for all DC&amp;SC,Open Audition&amp;Dance Class (Nonono&amp;FemalePresident) askmore? CP? Bio:)','0d35e5a864aaba188ab9dbd9534d7a8e',1),(37316,'2013-07-29 02:06:41','S?r?h MJ? ','askmore','@rayqaa RT @.famousfam_ent open entertainment for all DC&amp;SC,Open Audition&amp;Dance Class (Nonono&amp;FemalePresident) askmore? CP? Bio:)','b44206ed4d8691ceb960130f6bdf1918',1),(37317,'2013-07-29 02:03:03','S?r?h MJ? ','askmore','@Alfikyuhyun1 @.famousfam_ent open entertainment for all DC&amp;SC,Open Audition&amp;Dance Class (Nonono&amp;FemalePresident) askmore? CP? Bio:)','da5077be1cccce5696b78f4e2b4a1650',1),(37318,'2013-07-29 01:57:04','S?r?h MJ? ','askmore','RT @famousfam_ent: @sarahilzy  RT We\'re open entertainment for all DC and SC,Open audition,and Dance Class (Nonono&amp;FemalePresident) askmore…','5db2dbf91d78581ba5a5a7c9866e997d',1),(37321,'2013-07-29 01:18:15','DAI5Y Indonesia?','askmore','RT @famousfam_ent: @DAI5Yina RT We\'re open entertainment for all DC and SC,Open audition,and Dance Class (Nonono&amp;FemalePresident) askmore? …','f6e1849b5483f616651304adb1f3c63b',1),(37324,'2013-07-29 00:09:27','Famous Family Ent','askmore','@AOAIndonesia RT We\'re open entertainment for all DC and SC,Open audition,and Dance Class (Nonono&amp;FemalePresident) askmore? CP ? bio:-)','e0ca987f0fe2938a78bf38447e450ed7',1),(37325,'2013-07-29 00:05:35','Famous Family Ent','askmore','@KpopersFanClub RT We\'re open entertainment for all DC and SC,Open audition,and Dance Class (Nonono&amp;FemalePresident) askmore? CP ? bio:-)','a6b476001590c40864e1fbf7f7e46357',1),(37326,'2013-07-29 00:05:05','Famous Family Ent','askmore','@Chansung_ID RT We\'re open entertainment for all DC and SC,Open audition,and Dance Class (Nonono&amp;FemalePresident) askmore? CP ? bio:-)','3c8e6bcfac162918bde466e55df08cac',1),(37327,'2013-07-29 00:04:46','Famous Family Ent','askmore','@kpopnesia  RT We\'re open entertainment for all DC and SC,Open audition,and Dance Class (Nonono&amp;FemalePresident) askmore? CP ? bio:-)','72f9015aa82a1a2fef3be072c92fc848',1),(37328,'2013-07-29 00:01:24','Famous Family Ent','askmore','@Kpopers_Kingdom RT We\'re open entertainment for all DC and SC,Open audition,and Dance Class (Nonono&amp;FemalePresident) askmore? CP ? bio:-)','e6d18edbdde368297fcf294b979fa81d',1),(37329,'2013-07-29 00:00:54','Famous Family Ent','askmore','@TimelineKPOP RT We\'re open entertainment for all DC and SC,Open audition,and Dance Class (Nonono&amp;FemalePresident) askmore? CP ? bio:-)','8655730d9ec90bd6b7def5969125e059',1),(37330,'2013-07-28 23:59:32','Famous Family Ent','askmore','@soal_KPOP  RT We\'re open entertainment for all DC and SC,Open audition,and Dance Class (Nonono&amp;FemalePresident) askmore? CP ? bio:-)','290a3629db088b4ef83405347a37fa51',1),(37331,'2013-07-28 23:58:57','Famous Family Ent','askmore','@4NIA_INA RT We\'re open entertainment for all DC and SC,Open audition,and Dance Class (Nonono&amp;FemalePresident) askmore? CP ? bio:-)','48986c6558c20e9a93a95218b6039854',1),(37332,'2013-07-28 23:57:59','Famous Family Ent','askmore','@abc_kpop  RT We\'re open entertainment for all DC and SC,Open audition,and Dance Class (Nonono&amp;FemalePresident) askmore? CP ? bio:-)','d9025d8d51d06b31e5a2ff2802151917',1),(37334,'2013-07-28 23:55:08','Famous Family Ent','askmore','@KPOP_ID  RT We\'re open entertainment for all DC and SC,Open audition,and Dance Class (Nonono&amp;FemalePresident) askmore? CP ? bio:-)','eb0a4c9045f15dab23915b09b85ea16f',1),(37335,'2013-07-28 23:53:57','Famous Family Ent','askmore','@KPopers_Worlddd  RT We\'re open entertainment for all DC and SC,Open audition,and Dance Class (Nonono&amp;FemalePresident) askmore? CP ? bio:-)','ba1caa2af9bcf16fb1ede83564ef60e3',1),(37336,'2013-07-28 23:53:13','Famous Family Ent','askmore','@Kpopers_KepoINA RT We\'re open entertainment for all DC and SC,Open audition,and Dance Class (Nonono&amp;FemalePresident) askmore? CP ? bio:-)','b5d4d95eb4ba06c73d8f0d4ef1f1d45a',1),(37337,'2013-07-28 23:52:45','Famous Family Ent','askmore','@Kpopers_ngakak  RT We\'re open entertainment for all DC and SC,Open audition,and Dance Class (Nonono&amp;FemalePresident) askmore? CP ? bio:-)','433745843f4421203cce2cb0d62720e3',1),(37338,'2013-07-28 23:50:24','Famous Family Ent','askmore','@smtownRUSUH  RT We\'re open entertainment for all DC and SC,Open audition,and Dance Class (Nonono&amp;FemalePresident) askmore? CP ? bio:-)','3baf7964069e717579a7887ad5d12cea',1),(37339,'2013-07-28 23:49:54','Famous Family Ent','askmore','@DUNIA_KPOPERS  RT We\'re open entertainment for all DC and SC,Open audition,and Dance Class (Nonono&amp;FemalePresident) askmore? CP ? bio:-)','7fe62f1c3edef768135b78134c1fdea2',1),(37340,'2013-07-28 23:49:36','Famous Family Ent','askmore','@Jakarta_RP  RT We\'re open entertainment for all DC and SC,Open audition,and Dance Class (Nonono&amp;FemalePresident) askmore? CP ? bio:-)','9f3e2a7a6bc0bbff3c36441f9fc623a2',1),(37341,'2013-07-28 23:47:31','Famous Family Ent','askmore','@INDO_Kpop RT We\'re open entertainment for all DC and SC,Open audition,and Dance Class (Nonono&amp;FemalePresident) askmore? CP ? bio:-)','4ca3490d8e59e742696235908e05d904',1),(37342,'2013-07-28 23:47:07','Famous Family Ent','askmore','@dreamBS_ratno RT We\'re open entertainment for all DC and SC,Open audition,and Dance Class (Nonono&amp;FemalePresident) askmore? CP ? bio:-)','220f0b40a150fe863b6ff681258121fc',1),(37343,'2013-07-28 23:46:31','Famous Family Ent','askmore','@KpopersINDRoom  RT We\'re open entertainment for all DC and SC,Open audition,and Dance Class (Nonono&amp;FemalePresident) askmore? CP ? bio:-)','e8d88d82c44988aba6b6736ad85fb2b3',1),(37344,'2013-07-28 23:46:06','Famous Family Ent','askmore','@SOMVLAK_FAMS  RT We\'re open entertainment for all DC and SC,Open audition,and Dance Class (Nonono&amp;FemalePresident) askmore? CP ? bio:-)','1caa371ef0916b245762bc4f253ead65',1),(37345,'2013-07-28 23:45:32','Famous Family Ent','askmore','@RadioForRP  RT We\'re open entertainment for all DC and SC,Open audition,and Dance Class (Nonono&amp;FemalePresident) askmore? CP ? bio:-)','d1a3caf9ecc68253ccbaccf32daee5d4',1),(37346,'2013-07-28 23:45:15','Famous Family Ent','askmore','@RP__ShinYeong  RT We\'re open entertainment for all DC and SC,Open audition,and Dance Class (Nonono&amp;FemalePresident) askmore? CP ? bio:-)','3d92825c84a4b6ddd9a37831d3cfd3ba',1),(37348,'2013-07-28 23:43:02','Famous Family Ent','askmore','@6thayoung  RT We\'re open entertainment for all DC and SC,Open audition,and Dance Class (Nonono&amp;FemalePresident) askmore? CP ? bio:-)','6c555daee7807cc2bd9a6839daa117d3',1),(37349,'2013-07-28 23:42:37','Famous Family Ent','askmore','@_galaxyrpent RT We\'re open entertainment for all DC and SC,Open audition,and Dance Class (Nonono&amp;FemalePresident) askmore? CP ? bio:-)','db9c8658efe26b4fc58b44c120b2e1ab',1),(37350,'2013-07-28 23:42:21','Famous Family Ent','askmore','@Queen_YuriGG RT We\'re open entertainment for all DC and SC,Open audition,and Dance Class (Nonono&amp;FemalePresident) askmore? CP ? bio:-)','0b1da419dced1baad9965547db1a432f',1),(37351,'2013-07-28 23:41:57','Famous Family Ent','askmore','@abc_Kris RT We\'re open entertainment for all DC and SC,Open audition,and Dance Class (Nonono&amp;FemalePresident) askmore? CP ? bio:-)','59b497b4ba1f9a052ccb513450a4ea18',1),(37352,'2013-07-28 23:35:47','Famous Family Ent','askmore','@juliamarellu RT We\'re open entertainment for all DC and SC,Open audition,and Dance Class (Nonono&amp;FemalePresident) askmore? CP ? bio:-)','75cd9098b66fb364c945841151067107',1),(37353,'2013-07-28 23:31:58','Famous Family Ent','askmore','@APinkPandas_INA RT We\'re open entertainment for all DC and SC,Open audition,and Dance Class (Nonono&amp;FemalePresident) askmore? CP ? bio:-)','578e0790082bc1032ba05439a96c9be3',1),(37354,'2013-07-28 23:31:03','Famous Family Ent','askmore','@ADT977  RT We\'re open entertainment for all DC and SC,Open audition,and Dance Class (Nonono&amp;FemalePresident) askmore? CP ? bio:-)','e868f64afb7f49195b1309c0eedff717',1),(37355,'2013-07-28 23:30:36','Famous Family Ent','askmore','@ryhnfza RT We\'re open entertainment for all DC and SC,Open audition,and Dance Class (Nonono&amp;FemalePresident) askmore? CP ? bio:-)','a52748c80248b2af022a14c0c03d24d2',1),(37356,'2013-07-28 23:30:24','Famous Family Ent','askmore','@agdarayimhrn  RT We\'re open entertainment for all DC and SC,Open audition,and Dance Class (Nonono&amp;FemalePresident) askmore? CP ? bio:-)','b938f4e614c778fb20954b3db108ef6b',1),(37357,'2013-07-28 23:30:08','Famous Family Ent','askmore','@MoonJoker_  RT We\'re open entertainment for all DC and SC,Open audition,and Dance Class (Nonono&amp;FemalePresident) askmore? CP ? bio:-)','b2b3f364acf61f8372aaf8867991428e',1),(37358,'2013-07-28 23:29:54','Famous Family Ent','askmore','@yoichimonz  RT We\'re open entertainment for all DC and SC,Open audition,and Dance Class (Nonono&amp;FemalePresident) askmore? CP ? bio:-)','831b7e7cea0fe5f0592e639a83224000',1),(37359,'2013-07-28 23:28:53','Famous Family Ent','askmore','@HafizFadil_  RT We\'re open entertainment for all DC and SC,Open audition,and Dance Class (Nonono&amp;FemalePresident) askmore? CP ? bio:-)','ab69bea7c839bea401428c2c2b803fbb',1),(37360,'2013-07-28 23:28:36','Famous Family Ent','askmore','@Blayers_OFC RT We\'re open entertainment for all DC and SC,Open audition,and Dance Class (Nonono&amp;FemalePresident) askmore? CP ? bio:-)','b5b75cd2653edac433f642ec500b7bbf',1),(37361,'2013-07-28 23:28:04','Famous Family Ent','askmore','@DmncDea  RT We\'re open entertainment for all DC and SC,Open audition,and Dance Class (Nonono&amp;FemalePresident) askmore? CP ? bio:-)','36e6c1d98c4e5718d2e8426bdd145672',1),(37362,'2013-07-28 23:27:39','Famous Family Ent','askmore','@savitasarah  RT We\'re open entertainment for all DC and SC,Open audition,and Dance Class (Nonono&amp;FemalePresident) askmore? CP ? bio:-)','deaef6f5a539e1916234e9f4baa547bb',1),(37363,'2013-07-28 23:26:48','Famous Family Ent','askmore','@DC_Apeace RT We\'re open entertainment for all DC and SC,Open audition,and Dance Class (Nonono&amp;FemalePresident) askmore? CP ? bio:-)','e29430485359472fd5570e2a071ae4d4',1),(37364,'2013-07-28 23:25:53','Famous Family Ent','askmore','@kaltha_s RT We\'re open entertainment for all DC and SC,Open audition,and Dance Class (Nonono&amp;FemalePresident) askmore? CP ? bio:-)','352135cc2bb616e3421116262e545bd1',1),(37365,'2013-07-28 23:24:51','Famous Family Ent','askmore','@KpopCode  RT We\'re open entertainment for all DC and SC,Open audition,and Dance Class (Nonono&amp;FemalePresident) askmore? CP ? bio:-)','fc84c2f03ae17dd99951a86ddf93e9b3',1),(37366,'2013-07-28 23:24:33','Famous Family Ent','askmore','@sarahilzy  RT We\'re open entertainment for all DC and SC,Open audition,and Dance Class (Nonono&amp;FemalePresident) askmore? CP ? bio:-)','e10dc692c33fc1de92cb3f72d1d67af8',1),(37367,'2013-07-28 23:24:16','Famous Family Ent','askmore','@RiviaDian  RT We\'re open entertainment for all DC and SC,Open audition,and Dance Class (Nonono&amp;FemalePresident) askmore? CP ? bio:-)','29f4b9f05dae06978d3776176fe2f64d',1),(37368,'2013-07-28 23:23:57','Famous Family Ent','askmore','@GirlsDayIndo RT We\'re open entertainment for all DC and SC,Open audition,and Dance Class (Nonono&amp;FemalePresident) askmore? CP ? bio:-)','0f228c58de3605b6b212f2ac3e3661a4',1),(37369,'2013-07-28 23:23:39','Famous Family Ent','askmore','@DAI5Yina RT We\'re open entertainment for all DC and SC,Open audition,and Dance Class (Nonono&amp;FemalePresident) askmore? CP ? bio:-)','ed0d500b9981f346ea96b53c457d7952',1),(37370,'2013-07-28 23:23:01','Famous Family Ent','askmore','@kimyura_ID RT We\'re open entertainment for all DC and SC,Open audition,and Dance Class (Nonono&amp;FemalePresident) askmore? CP ? bio:-)','40580d3a7a459af9a31a29446b66d2ae',1),(37371,'2013-07-28 23:22:47','Famous Family Ent','askmore','@KIF_GDminah RT We\'re open entertainment for all DC and SC,Open audition,and Dance Class (Nonono&amp;FemalePresident) askmore? CP ? bio:-)','9df303d9ba2bc5b4f3b2cbe91ff426b3',1),(37372,'2013-07-28 23:22:25','Famous Family Ent','askmore','@eventkpop  RT We\'re open entertainment for all DC and SC,Open audition,and Dance Class (Nonono&amp;FemalePresident) askmore? CP ? bio:-)','7ae1c75b4f275084c95fae7d80b39d60',1),(37373,'2013-07-28 23:22:09','Famous Family Ent','askmore','@rara_r42 RT We\'re open entertainment for all DC and SC,Open audition,and Dance Class (Nonono&amp;FemalePresident) askmore? CP ? bio:-)','cd61baa06a5d22282397eab2cb5e9bc1',1),(37375,'2013-07-28 23:20:42','Famous Family Ent','askmore','@korean_fever  RT We\'re open entertainment for all DC and SC,Open audition,and Dance Class (Nonono&amp;FemalePresident) askmore? CP ? bio:-)','357a83c7954b532cfc24acedf9237824',1),(37376,'2013-07-28 23:20:01','Famous Family Ent','askmore','@MissXTRAY_  RT We\'re open entertainment for all DC and SC,Open audition,and Dance Class (Nonono&amp;FemalePresident) askmore? CP ? bio:-)','5aa7f742e7a152e8a0932b1ec4bf5470',1),(37377,'2013-07-28 23:19:23','Famous Family Ent','askmore','@Qyoura_DC RT We\'re open entertainment for all DC and SC,Open audition,and Dance Class (Nonono&amp;FemalePresident) askmore? CP ? bio:-)','9aadc8e729cdbf5737471c29fbc8b678',1),(37378,'2013-07-28 23:18:47','Famous Family Ent','askmore','@IceOfAngel_  RT We\'re open entertainment for all DC and SC,Open audition,and Dance Class (Nonono&amp;FemalePresident) askmore? CP ? bio:-)','c284882f635e5165b0aa190397de81f5',1),(37379,'2013-07-28 23:18:18','Famous Family Ent','askmore','@CPINKOfficial RT We\'re open entertainment for all DC and SC,Open audition,and Dance Class (Nonono&amp;FemalePresident) askmore? CP ? bio:-)','c900358fc5aeb407b1e1efeb68cf84f3',1),(37380,'2013-07-28 23:17:51','Famous Family Ent','askmore','@AODCers RT We\'re open entertainment for all DC and SC,Open audition,and Dance Class (Nonono&amp;FemalePresident) askmore? CP ? bio:-)','364482a05b5f5a8e87a9ef5dffa7fa2f',1),(37381,'2013-07-28 23:16:29','Famous Family Ent','askmore','@TheCrown_Dc  RT We\'re open entertainment for all DC and SC,Open audition,and Dance Class (Nonono&amp;FemalePresident) askmore? CP ? bio:-)','e2f90aea334d765351dfbb44dbfd32bd',1),(37382,'2013-07-28 23:15:25','Famous Family Ent','askmore','@hvenus_crew  RT] We\'re open entertainment for all DC and SC,Open audition,and Dance Class (Nonono&amp;FemalePresident) askmore? CP ? bio:-)','7c03358b1627b62565b10a4fc3e44ca5',1),(37383,'2013-07-28 23:14:56','Kpop Jpop Shop','askmore','RT @famousfam_ent: @JavaKpop RT] We\'re open entertainment for all DC and SC,Open audition,and Dance Class (Nonono&amp;FemalePresident) askmore?…','9315761164c797f23605a50c9f06cae1',1),(37384,'2013-07-28 23:14:24','Famous Family Ent','askmore','@winxofficiale  RT] We\'re open entertainment for all DC and SC,Open audition,and Dance Class (Nonono&amp;FemalePresident) askmore? CP ? bio:-)','a20fe80b70108ac2aaa541aaf8265ddf',1),(37385,'2013-07-28 23:14:03','Famous Family Ent','askmore','@SighA_DC  RT] We\'re open entertainment for all DC and SC,Open audition,and Dance Class (Nonono&amp;FemalePresident) askmore? CP ? bio:-)','3cda23301313ab196169bee596e351b9',1),(37386,'2013-07-28 23:13:20','Famous Family Ent','askmore','@JavaKpop RT] We\'re open entertainment for all DC and SC,Open audition,and Dance Class (Nonono&amp;FemalePresident) askmore? CP ? bio:-)','c512b70a285c9e674dc9b722838d2e9c',1),(37387,'2013-07-28 23:12:54','Famous Family Ent','askmore','@koreanindo  RT] We\'re open entertainment for all DC and SC,Open audition,and Dance Class (Nonono&amp;FemalePresident) askmore? CP ? bio:-)','8ff1d69ac9b57e7772541a47807a7582',1),(37388,'2013-07-28 23:12:32','Famous Family Ent','askmore','@DUNIA_KPOPERS RT] We\'re open entertainment for all DC and SC,Open audition,and Dance Class (Nonono&amp;FemalePresident) askmore? CP ? bio:-)','03ded5d8de160361a7075804894e854a',1),(37389,'2013-07-28 23:12:21','Famous Family Ent','askmore','@kpopers_family  RT] We\'re open entertainment for all DC and SC,Open audition,and Dance Class (Nonono&amp;FemalePresident) askmore? CP ? bio:-)','7dc847c6c3058a7012f248ed10502ec3',1),(37390,'2013-07-28 23:12:02','Famous Family Ent','askmore','@KoreanWaveINA RT] We\'re open entertainment for all DC and SC,Open audition,and Dance Class (Nonono&amp;FemalePresident) askmore? CP ? bio:-)','9cc0afb1949e667f8715fc42e568bbb5',1),(37391,'2013-07-28 23:11:17','R C R P ','askmore','[RT] We\'re open entertainment for all DC and SC,Open audition,and Dance Class (Nonono&amp;FemalePresident) askmore? CP ? bio:-) @famousfam_ent','2601b736bc89b71b8dffb265e53a72bf',1),(37392,'2013-07-28 21:19:50','Terry Xu','askmore','RT @JarrettGoetz: Should place in top 3. Super useful. RT @TaraHusband: #SWBoston Pitch 7.  AskMore You can move your tweets up and down?','fd48d64445696bac0cf3bde14019a2bb',1),(37393,'2013-07-28 20:18:49','Andrei Oprisan','askmore','RT @kfriedson: Best pitch: #askmore Funniest pitch/most relatable painpoint: #fantasticsyntapse Take my money: #hearye @StartupWeekend #swb…','79a24b5a34eb9cb99268618b12b6bbee',1),(37394,'2013-07-28 20:17:27','Sergio Ferreira','askmore','RT @kfriedson: Best pitch: #askmore Funniest pitch/most relatable painpoint: #fantasticsyntapse Take my money: #hearye @StartupWeekend #swb…','0821b6120a5a3f7b82b158712fee93b3',1),(37395,'2013-07-30 11:09:21','Andrei Oprisan','swboston','Would love to get some feedback on what we built this weekend at @swboston #askmore We got 3rd place at the event! https://t.co/lpTxJ9WgNt','4375fbdb61dd6d30cd1f78016f6d4af1',1),(37485,'2013-07-30 11:09:21','Andrei Oprisan','askmore','Would love to get some feedback on what we built this weekend at @swboston #askmore We got 3rd place at the event! https://t.co/lpTxJ9WgNt','18ec5b9f2f02380f0258d47e6f18c44e',1),(38487,'2013-07-30 11:47:44','Justin Lynch','askmore','Does this work again #askmore #askmorelaunch','6779c52a4be4b3f866abc92d55d32040',1),(38488,'2013-07-30 11:43:01','Ultra Petita','askmore','Les Brumbies sont en finale. Vous pouvez acheter le maillot dans notre boutique à Paris.#askmore #askbrumbies','b09ac1d4aa96694e24cbaac539dd0c78',1),(51303,'2013-07-30 18:42:00','Computer Deals','askmore','NEW Cisco CISCO3825-SEC/K9 3825 Securty Bundle Router 1YearWrn 2XAvl ASKMORE QTY $4150.00 http://t.co/hEgFjRtz5e #computer #network','9e033dbca8c8e52974500e3d4286df97',1);
/*!40000 ALTER TABLE `tweets` ENABLE KEYS */;
UNLOCK TABLES;

--
-- Table structure for table `users`
--

DROP TABLE IF EXISTS `users`;
/*!40101 SET @saved_cs_client     = @@character_set_client */;
/*!40101 SET character_set_client = utf8 */;
CREATE TABLE `users` (
  `userid` bigint(20) NOT NULL AUTO_INCREMENT,
  `name` varchar(100) NOT NULL,
  `email` varchar(100) NOT NULL,
  `password` varchar(256) NOT NULL,
  `handle` varchar(50) NOT NULL,
  PRIMARY KEY (`userid`),
  KEY `userid` (`userid`)
) ENGINE=InnoDB AUTO_INCREMENT=13 DEFAULT CHARSET=latin1;
/*!40101 SET character_set_client = @saved_cs_client */;

--
-- Dumping data for table `users`
--

LOCK TABLES `users` WRITE;
/*!40000 ALTER TABLE `users` DISABLE KEYS */;
INSERT INTO `users` VALUES (1,'Mo Godin','Mogodin@gmail.com','91c30b05f1a42095699879b2a1b91dc12e0e7545','mogodin'),(2,'Justin Lynch','jlynch@bangordailynews.com','9c165b7f16ec1ce6c6c4c4b78561d163beba43a6','just1nlynch'),(3,'Hogg','UTftf','c18cf9236974c37758cc9b775dc3325df5e386b1',''),(4,'Sara Garver','skgarver@gmail.com','280e770bb44eabf601a4a4772883f009b12be3ce',''),(5,'Diane Williams','dianeew@sloan.mit.edu','bda81ab01874f05af13f35f870f1400fc72a69fc',''),(6,'Marco','surfermo@gmail.com','d3e61786ac238bd5a0c8aee61601c3061e723d1d',''),(7,'katelyn friedson','friedsonkatelyn@gmail.fom','216c492a8d1d09f6ab4c51dd31823f7bb3b93113','');
/*!40000 ALTER TABLE `users` ENABLE KEYS */;
UNLOCK TABLES;
/*!40103 SET TIME_ZONE=@OLD_TIME_ZONE */;

/*!40101 SET SQL_MODE=@OLD_SQL_MODE */;
/*!40014 SET FOREIGN_KEY_CHECKS=@OLD_FOREIGN_KEY_CHECKS */;
/*!40014 SET UNIQUE_CHECKS=@OLD_UNIQUE_CHECKS */;
/*!40101 SET CHARACTER_SET_CLIENT=@OLD_CHARACTER_SET_CLIENT */;
/*!40101 SET CHARACTER_SET_RESULTS=@OLD_CHARACTER_SET_RESULTS */;
/*!40101 SET COLLATION_CONNECTION=@OLD_COLLATION_CONNECTION */;
/*!40111 SET SQL_NOTES=@OLD_SQL_NOTES */;

-- Dump completed on 2013-07-30 23:25:16
